project_id,emp_id,time_by_day,project_no,capacity,emp_name
d7166ecc-2f0d-e911-8197-d4258bdae0ca,c34cf8ec-b0de-e811-9640-d4258bdae0ca,11/5/2018 0:00,Project1,4,Resource1
d7166ecc-2f0d-e911-8197-d4258bdae0ca,c34cf8ec-b0de-e811-9640-d4258bdae0ca,11/6/2018 0:00,Project1,4,Resource1
d7166ecc-2f0d-e911-8197-d4258bdae0ca,c34cf8ec-b0de-e811-9640-d4258bdae0ca,11/7/2018 0:00,Project1,4,Resource1
d7166ecc-2f0d-e911-8197-d4258bdae0ca,c34cf8ec-b0de-e811-9640-d4258bdae0ca,11/8/2018 0:00,Project1,4,Resource1
d7166ecc-2f0d-e911-8197-d4258bdae0ca,c34cf8ec-b0de-e811-9640-d4258bdae0ca,11/9/2018 0:00,Project1,4,Resource1
bad2e661-670f-e911-86a0-d4258bdae0ca,d14cf8ec-b0de-e811-9640-d4258bdae0ca,2/4/2019 0:00,Project2,8,Resource2
bad2e661-670f-e911-86a0-d4258bdae0ca,d14cf8ec-b0de-e811-9640-d4258bdae0ca,2/5/2019 0:00,Project2,8,Resource2
bad2e661-670f-e911-86a0-d4258bdae0ca,d14cf8ec-b0de-e811-9640-d4258bdae0ca,2/6/2019 0:00,Project2,8,Resource2
bad2e661-670f-e911-86a0-d4258bdae0ca,d14cf8ec-b0de-e811-9640-d4258bdae0ca,2/7/2019 0:00,Project2,8,Resource2
bad2e661-670f-e911-86a0-d4258bdae0ca,d14cf8ec-b0de-e811-9640-d4258bdae0ca,2/8/2019 0:00,Project2,8,Resource2
